,Tot_Clms,Tot_30day_Fills,Tot_Day_Suply,Tot_Drug_Cst,Tot_Benes_PartD
count,2367833.0,2367833.0,2367833.0,2367833.0,2102424.0
mean,1264.3762161436216,2006.6185760988467,55779.29339780297,136283.14449235465,159.60828643508637
std,3061.336435284202,4725.731296245839,132474.52587348176,375907.9339109099,239.88324801593703
min,11.0,11.0,11.0,0.0,11.0
25%,54.0,64.0,972.0,1548.79,34.0
50%,200.0,239.33333333,4648.0,10098.46,86.0
75%,981.0,1397.1666667,37643.0,102417.53,211.0
max,523033.0,523500.46667,5974835.0,39794832.59,83475.0
