,Tot_HCPCS_Cds,Tot_Benes_PartB,Tot_Srvcs,Tot_Sbmtd_Chrg,Tot_Mdcr_Pymt_Amt,Bene_Avg_Risk_Scre
count,2210149.0,2210149.0,2210149.0,2210149.0,2210149.0,2210149.0
mean,30.439213826760096,351.5938576991868,2727.626470161059,353833.34293450555,90202.60458755796,1.6306913018082239
std,33.41638967019322,2950.9834204906842,41791.82596655648,2602641.7100027646,555302.3491337432,0.8046933922923363
min,1.0,11.0,11.0,33.5,0.0,0.3349
25%,9.0,65.0,186.0,31817.0,10441.52,1.0772
50%,19.0,167.0,523.0,113510.0,30176.26,1.4075
75%,40.0,367.0,1522.0,320480.51,80655.58,1.9846
max,1095.0,1748671.0,24657843.0,1162169645.2,259979641.86,13.3401
